score,date,league,matchup,time,watched
24,2026-04-10,NBA,Detroit Pistons @ Charlotte Hornets,01:00,false
14,2026-04-10,ENG.1,Wolverhampton Wanderers @ West Ham United,21:00,false
23,2026-04-10,NBA,New Orleans Pelicans @ Boston Celtics,01:30,false
22,2026-04-10,NBA,Philadelphia 76ers @ Indiana Pacers,01:30,false
21,2026-04-10,MLB,Pittsburgh Pirates @ Chicago Cubs,20:20,false
21,2026-04-10,MLB,Minnesota Twins @ Toronto Blue Jays,01:07,false
20,2026-04-10,MLB,Chicago White Sox @ Kansas City Royals,01:40,false
21,2026-04-10,MLB,Arizona Diamondbacks @ Philadelphia Phillies,00:40,false
21,2026-04-10,MLB,Miami Marlins @ Detroit Tigers,00:40,false
21,2026-04-10,MLB,Los Angeles Angels @ Cincinnati Reds,00:45,false
11,2026-04-10,GER.1,TSG Hoffenheim @ FC Augsburg,20:30,false
36,2026-04-10,ESP.1,Girona @ Real Madrid,21:00,false
20,2026-04-10,MLB,San Francisco Giants @ Baltimore Orioles,01:15,false
52,2026-04-10,NBA,Miami Heat @ Washington Wizards,01:00,true
21,2026-04-10,MLB,Athletics @ New York Mets,01:10,false
21,2026-04-10,MLB,New York Yankees @ Tampa Bay Rays,01:10,false
21,2026-04-10,MLB,Washington Nationals @ Milwaukee Brewers,01:40,false
24,2026-04-10,NBA,Toronto Raptors @ New York Knicks,01:30,false
24,2026-04-10,FRA.1,AS Monaco @ Paris FC,19:00,false
22,2026-04-10,MLB,Cleveland Guardians @ Atlanta Braves,01:15,false
24,2026-04-10,NBA,Cleveland Cavaliers @ Atlanta Hawks,01:00,false
24,2026-04-10,FRA.1,Metz @ Marseille,21:05,false
22,2026-04-10,ITA.1,Pisa @ AS Roma,20:45,false
17,2026-04-11,NHL,Florida Panthers @ Toronto Maple Leafs,01:00,false
22,2026-04-11,ESP.1,Espanyol @ Barcelona,18:30,false
20,2026-04-11,ESP.1,Atlético Madrid @ Sevilla,21:00,false
17,2026-04-11,ENG.1,Fulham @ Liverpool,18:30,false
11,2026-04-11,GER.1,Bayern Munich @ St. Pauli,18:30,false
21,2026-04-11,MLB,Pittsburgh Pirates @ Chicago Cubs,20:20,false
18,2026-04-11,NHL,Carolina Hurricanes @ Utah Mammoth,23:00,false
21,2026-04-11,MLB,Minnesota Twins @ Toronto Blue Jays,21:07,false
20,2026-04-11,MLB,Chicago White Sox @ Kansas City Royals,22:10,false
8,2026-04-11,ITA.1,Udinese @ AC Milan,18:00,false
21,2026-04-11,MLB,Athletics @ New York Mets,22:10,false
21,2026-04-11,MLB,New York Yankees @ Tampa Bay Rays,00:10,false
11,2026-04-11,GER.1,Bayer Leverkusen @ Borussia Dortmund,15:30,false
21,2026-04-11,MLB,Washington Nationals @ Milwaukee Brewers,01:10,false
18,2026-04-11,NHL,Washington Capitals @ Pittsburgh Penguins,21:00,false
22,2026-04-11,MLB,Cleveland Guardians @ Atlanta Braves,01:15,false
14,2026-04-11,ENG.1,Brighton & Hove Albion @ Burnley,16:00,false
8,2026-04-11,GER.1,1. FC Union Berlin @ 1. FC Heidenheim 1846,15:30,false
8,2026-04-11,ITA.1,Juventus @ Atalanta,20:45,false
18,2026-04-11,NHL,Philadelphia Flyers @ Winnipeg Jets,01:00,false
10,2026-04-11,GER.1,Borussia Mönchengladbach @ RB Leipzig,15:30,false
6,2026-04-11,ITA.1,Hellas Verona @ Torino,15:00,false
21,2026-04-11,MLB,Arizona Diamondbacks @ Philadelphia Phillies,19:05,false
18,2026-04-11,NHL,Edmonton Oilers @ Los Angeles Kings,22:00,false
18,2026-04-11,NHL,Ottawa Senators @ New York Islanders,19:00,false
18,2026-04-11,NHL,New Jersey Devils @ Detroit Red Wings,23:00,false
17,2026-04-11,NHL,St. Louis Blues @ Chicago Blackhawks,23:00,false
21,2026-04-11,MLB,Miami Marlins @ Detroit Tigers,19:10,false
21,2026-04-11,MLB,Los Angeles Angels @ Cincinnati Reds,22:10,false
18,2026-04-11,NHL,Tampa Bay Lightning @ Boston Bruins,18:30,false
9,2026-04-11,GER.1,Eintracht Frankfurt @ VfL Wolfsburg,15:30,false
7,2026-04-11,FRA.1,Nantes @ AJ Auxerre,19:00,false
6,2026-04-11,ITA.1,Cremonese @ Cagliari,15:00,false
18,2026-04-11,NHL,Columbus Blue Jackets @ Montreal Canadiens,01:00,false
17,2026-04-11,ENG.1,Everton @ Brentford,16:00,false
21,2026-04-11,MLB,Boston Red Sox @ St. Louis Cardinals,01:15,false
19,2026-04-11,ESP.1,Alavés @ Real Sociedad,14:00,false
18,2026-04-11,NHL,Minnesota Wild @ Nashville Predators,23:00,false
48,2026-04-11,ESP.1,Valencia @ Elche,16:15,true
20,2026-04-11,MLB,San Francisco Giants @ Baltimore Orioles,01:15,false
18,2026-04-11,NHL,New York Rangers @ Dallas Stars,23:00,false
17,2026-04-11,NHL,Calgary Flames @ Seattle Kraken,01:00,false
16,2026-04-11,ENG.1,AFC Bournemouth @ Arsenal,13:30,false
9,2026-04-11,FRA.1,Angers @ Stade Rennais,21:05,false
24,2026-04-12,NBA,Charlotte Hornets @ New York Knicks,00:00,false
23,2026-04-12,NBA,Milwaukee Bucks @ Philadelphia 76ers,00:00,false
21,2026-04-12,MLB,Arizona Diamondbacks @ Philadelphia Phillies,19:35,false
21,2026-04-12,MLB,Los Angeles Angels @ Cincinnati Reds,19:40,false
21,2026-04-12,MLB,Miami Marlins @ Detroit Tigers,19:40,false
51,2026-04-12,MLB,Colorado Rockies @ San Diego Padres,22:10,true
15,2026-04-12,ENG.1,Tottenham Hotspur @ Sunderland,15:00,false
53,2026-04-12,NBA,Atlanta Hawks @ Miami Heat,00:00,false
19,2026-04-12,ESP.1,Rayo Vallecano @ Mallorca,16:15,false
8,2026-04-12,ITA.1,Napoli @ Parma,15:00,false
22,2026-04-12,ESP.1,Villarreal @ Athletic Club,21:00,false
22,2026-04-12,NBA,Washington Wizards @ Cleveland Cavaliers,00:00,false
22,2026-04-12,MLB,Texas Rangers @ Los Angeles Dodgers,22:10,false
21,2026-04-12,MLB,Boston Red Sox @ St. Louis Cardinals,20:15,false
21,2026-04-12,MLB,San Francisco Giants @ Baltimore Orioles,19:35,false
18,2026-04-12,ESP.1,Real Oviedo @ Celta Vigo,18:30,false
8,2026-04-12,ITA.1,Lecce @ Bologna,18:00,false
19,2026-04-12,ESP.1,Real Betis @ Osasuna,14:00,false
18,2026-04-12,NHL,Ottawa Senators @ New Jersey Devils,01:00,false
9,2026-04-12,FRA.1,Lorient @ Lyon,20:45,false
18,2026-04-12,NHL,Montreal Canadiens @ New York Islanders,00:00,false
10,2026-04-12,GER.1,Hamburg SV @ VfB Stuttgart,17:30,false
20,2026-04-12,MLB,Houston Astros @ Seattle Mariners,22:10,false
16,2026-04-12,ENG.1,Aston Villa @ Nottingham Forest,15:00,false
8,2026-04-12,ITA.1,Sassuolo @ Genoa,12:30,false
9,2026-04-12,GER.1,Werder Bremen @ FC Cologne,15:30,false
23,2026-04-12,NBA,Detroit Pistons @ Indiana Pacers,00:00,false
22,2026-04-12,NBA,Brooklyn Nets @ Toronto Raptors,00:00,false
21,2026-04-12,MLB,Pittsburgh Pirates @ Chicago Cubs,20:20,false
18,2026-04-12,NHL,Boston Bruins @ Columbus Blue Jackets,00:00,false
16,2026-04-12,ENG.1,Newcastle United @ Crystal Palace,15:00,false
21,2026-04-12,MLB,Minnesota Twins @ Toronto Blue Jays,19:37,false
20,2026-04-12,MLB,Chicago White Sox @ Kansas City Royals,20:10,false
21,2026-04-12,MLB,Athletics @ New York Mets,19:40,false
21,2026-04-12,MLB,New York Yankees @ Tampa Bay Rays,19:40,false
24,2026-04-12,NBA,Orlando Magic @ Boston Celtics,00:00,false
21,2026-04-12,MLB,Washington Nationals @ Milwaukee Brewers,20:10,false
9,2026-04-12,GER.1,SC Freiburg @ Mainz,19:30,false
22,2026-04-12,MLB,Cleveland Guardians @ Atlanta Braves,01:20,false
18,2026-04-12,NHL,Pittsburgh Penguins @ Washington Capitals,21:00,false
17,2026-04-12,ENG.1,Manchester City @ Chelsea,17:30,false
10,2026-04-12,ITA.1,Internazionale @ Como,20:45,false
10,2026-04-12,FRA.1,Lille @ Toulouse,17:15,false
8,2026-04-12,FRA.1,Le Havre AC @ Nice,17:15,false
21,2026-04-13,MLB,Arizona Diamondbacks @ Baltimore Orioles,00:35,false
21,2026-04-13,MLB,Los Angeles Angels @ New York Yankees,01:05,false
17,2026-04-13,NHL,New York Rangers @ Florida Panthers,01:00,false
18,2026-04-13,NHL,Detroit Red Wings @ Tampa Bay Lightning,01:00,false
18,2026-04-13,NHL,Dallas Stars @ Toronto Maple Leafs,01:30,false
22,2026-04-13,MLB,Miami Marlins @ Atlanta Braves,01:15,false
20,2026-04-13,ESP.1,Getafe @ Levante,21:00,false
20,2026-04-13,MLB,Houston Astros @ Seattle Mariners,22:10,true
21,2026-04-13,MLB,Boston Red Sox @ Minnesota Twins,01:40,false
15,2026-04-13,ENG.1,Leeds United @ Manchester United,21:00,false
6,2026-04-13,ITA.1,Lazio @ Fiorentina,20:45,false
19,2026-04-13,NHL,Carolina Hurricanes @ Philadelphia Flyers,01:00,false
22,2026-04-13,MLB,Cleveland Guardians @ St. Louis Cardinals,01:45,false
21,2026-04-13,MLB,Washington Nationals @ Pittsburgh Pirates,00:40,false
21,2026-04-13,MLB,Chicago Cubs @ Philadelphia Phillies,00:40,false
21,2026-04-14,MLB,Arizona Diamondbacks @ Baltimore Orioles,00:35,false
21,2026-04-14,MLB,Los Angeles Angels @ New York Yankees,01:05,false
21,2026-04-14,MLB,Toronto Blue Jays @ Milwaukee Brewers,01:40,false
18,2026-04-14,NHL,Carolina Hurricanes @ New York Islanders,01:00,false
53,2026-04-14,NBA,Miami Heat @ Charlotte Hornets,01:30,true
22,2026-04-14,MLB,Miami Marlins @ Atlanta Braves,01:15,false
18,2026-04-14,NHL,Montreal Canadiens @ Philadelphia Flyers,01:00,false
18,2026-04-14,NHL,Washington Capitals @ Columbus Blue Jackets,01:00,false
18,2026-04-14,NHL,New Jersey Devils @ Boston Bruins,01:00,false
21,2026-04-14,MLB,Boston Red Sox @ Minnesota Twins,01:40,false
20,2026-04-14,MLB,Kansas City Royals @ Detroit Tigers,00:40,false
21,2026-04-14,MLB,San Francisco Giants @ Cincinnati Reds,00:40,false
21,2026-04-14,MLB,Washington Nationals @ Pittsburgh Pirates,00:40,false
21,2026-04-14,MLB,Cleveland Guardians @ St. Louis Cardinals,01:45,false
21,2026-04-14,MLB,Tampa Bay Rays @ Chicago White Sox,01:40,false
21,2026-04-14,MLB,Chicago Cubs @ Philadelphia Phillies,00:40,false
2,2026-04-15,UEFA Champions League,Sporting CP @ Arsenal,21:00,false
21,2026-04-15,MLB,Boston Red Sox @ Minnesota Twins,19:40,false
0,2026-04-15,Copa Libertadores,Universidad Católica @ Cruzeiro,00:00,false
21,2026-04-15,MLB,Arizona Diamondbacks @ Baltimore Orioles,18:35,true
21,2026-04-15,MLB,Los Angeles Angels @ New York Yankees,01:05,false
21,2026-04-15,MLB,Toronto Blue Jays @ Milwaukee Brewers,01:40,false
17,2026-04-15,NHL,Toronto Maple Leafs @ Ottawa Senators,01:30,false
19,2026-04-15,NHL,Dallas Stars @ Buffalo Sabres,01:00,false
22,2026-04-15,MLB,Miami Marlins @ Atlanta Braves,01:15,false
0,2026-04-15,Copa Libertadores,Rosario Central @ Libertad,00:00,false
21,2026-04-15,MLB,Tampa Bay Rays @ Chicago White Sox,01:40,false
21,2026-04-15,MLB,Cleveland Guardians @ St. Louis Cardinals,19:15,false
21,2026-04-15,MLB,San Francisco Giants @ Cincinnati Reds,00:40,false
21,2026-04-15,MLB,Washington Nationals @ Pittsburgh Pirates,00:40,false
23,2026-04-15,NBA,Orlando Magic @ Philadelphia 76ers,01:30,false
18,2026-04-15,NHL,New York Rangers @ Tampa Bay Lightning,01:00,false
21,2026-04-15,MLB,Chicago Cubs @ Philadelphia Phillies,00:40,false
20,2026-04-15,MLB,Kansas City Royals @ Detroit Tigers,00:40,false
17,2026-04-15,NHL,Detroit Red Wings @ Florida Panthers,01:00,false
2,2026-04-15,UEFA Champions League,Real Madrid @ Bayern Munich,21:00,false
2,2026-04-16,UEFA Europa League,SC Freiburg @ Celta Vigo,18:45,false
1,2026-04-16,UEFA Conference League,Crystal Palace @ Fiorentina,21:00,false
17,2026-04-16,NHL,St. Louis Blues @ Utah Mammoth,01:30,false
1,2026-04-16,UEFA Conference League,Shakhtar Donetsk @ AZ Alkmaar,18:45,false
21,2026-04-16,MLB,Los Angeles Angels @ New York Yankees,19:35,false
21,2026-04-16,MLB,Toronto Blue Jays @ Milwaukee Brewers,19:40,false
21,2026-04-16,MLB,Baltimore Orioles @ Cleveland Guardians,00:10,false
2,2026-04-16,UEFA Europa League,Bologna @ Aston Villa,21:00,false
2,2026-04-16,UEFA Europa League,FC Porto @ Nottingham Forest,21:00,false
1,2026-04-16,UEFA Conference League,Rayo Vallecano @ AEK Athens,21:00,false
1,2026-04-16,UEFA Conference League,Mainz @ Strasbourg,21:00,false
6,2026-04-16,Copa Libertadores,Sporting Cristal @ Palmeiras,00:00,false
21,2026-04-16,MLB,Tampa Bay Rays @ Chicago White Sox,20:10,false
0,2026-04-16,Copa Libertadores,Always Ready @ Lanús,00:00,false
21,2026-04-16,MLB,Washington Nationals @ Pittsburgh Pirates,18:35,false
21,2026-04-16,MLB,San Francisco Giants @ Cincinnati Reds,18:40,false
2,2026-04-16,UEFA Europa League,Braga @ Real Betis,21:00,false
21,2026-04-16,MLB,Texas Rangers @ Athletics,21:05,true
20,2026-04-16,MLB,Kansas City Royals @ Detroit Tigers,19:10,false
5,2026-04-16,UFC,John Yannis @ Jamie Siraj,23:00,false
5,2026-04-16,UFC,Gauge Young @ Thiago Moisés,23:00,false
5,2026-04-16,UFC,Julien LeBlanc @ Robert Valentin,23:00,false
5,2026-04-16,UFC,Jamey-Lyn Horth @ JJ Aldrich,23:00,false
5,2026-04-16,UFC,Charles Jourdain @ Kyler Phillips,23:00,false
5,2026-04-16,UFC,Gokhan Saricam @ Tanner Boser,23:00,false
5,2026-04-16,UFC,Jasmine Jasudavicius @ Karine Silva,23:00,false
5,2026-04-16,UFC,Mike Malott @ Gilbert Burns,23:00,false
5,2026-04-16,UFC,Mitch Raposo @ Allan Nascimento,23:00,false
5,2026-04-16,UFC,Marcio Barbosa @ Dennis Buzukja,23:00,false
5,2026-04-16,UFC,Mark Vologdin @ John Castaneda,23:00,false
5,2026-04-16,UFC,Jai Herbert @ Mandel Nallo,23:00,false
5,2026-04-16,UFC,Melissa Croden @ Daria Zhelezniakova,23:00,false
10,2026-04-16,F1,STC Saudi Arabian Grand Prix @ Unknown Circuit,15:30,false
12,2026-04-16,NPB,Orix @ Seibu,11:00,false
12,2026-04-16,NPB,SoftBank @ Rakuten,11:00,false
12,2026-04-16,NPB,Lotte @ Nippon-Ham,11:00,false
12,2026-04-16,NPB,Yakult @ DeNA,11:00,false
12,2026-04-16,NPB,Hanshin @ Yomiuri,11:00,false
0,2026-04-16,EuroLeague,Lyon-Villeurbanne @ Fenerbahçe,20:00,false
0,2026-04-16,EuroLeague,Partizan @ Baskonia,20:00,false
0,2026-04-16,EuroLeague,Real Madrid @ Crvena zvezda,20:00,false
0,2026-04-16,EuroLeague,Maccabi Tel Aviv @ Virtus Bologna,20:00,false
0,2026-04-16,EuroLeague,Olympiacos @ Milano,20:00,false
21,2026-04-17,MLB,Baltimore Orioles @ Cleveland Guardians,00:10,false
21,2026-04-17,MLB,Milwaukee Brewers @ Miami Marlins,01:10,false
10,2026-04-17,F1,STC Saudi Arabian Grand Prix @ Unknown Circuit,15:30,false
10,2026-04-17,FRA.1,Toulouse @ Lens,20:45,false
0,2026-04-17,EuroLeague,Barcelona @ Bayern Munich,20:00,false
12,2026-04-17,NPB,Nippon-Ham @ Seibu,11:00,false
6,2026-04-17,Russian Premier League,Sochi @ Rostov,18:30,false
5,2026-04-17,UFC,Jasmine Jasudavicius @ Karine Silva,23:00,false
5,2026-04-17,UFC,Gokhan Saricam @ Tanner Boser,23:00,false
6,2026-04-17,Turkish Süper Lig,Konyaspor @ Antalyaspor,19:00,false
5,2026-04-17,UFC,Charles Jourdain @ Kyler Phillips,23:00,false
5,2026-04-17,UFC,Jamey-Lyn Horth @ JJ Aldrich,23:00,false
21,2026-04-17,MLB,Detroit Tigers @ Boston Red Sox,01:15,false
12,2026-04-17,NPB,Hiroshima @ DeNA,11:00,false
8,2026-04-17,Austrian Bundesliga,SV Josko Ried @ Grazer AK,19:30,false
12,2026-04-17,NPB,SoftBank @ Orix,11:00,false
5,2026-04-17,UFC,Julien LeBlanc @ Robert Valentin,23:00,false
0,2026-04-17,EuroLeague,Monaco @ Hapoel Tel Aviv,20:00,false
5,2026-04-17,UFC,Gauge Young @ Thiago Moisés,23:00,false
5,2026-04-17,UFC,John Yannis @ Jamie Siraj,23:00,false
0,2026-04-17,EuroLeague,Panathinaikos @ Anadolu Efes,20:00,false
21,2026-04-17,MLB,Atlanta Braves @ Philadelphia Phillies,00:40,false
9,2026-04-17,ITA.1,Cagliari @ Internazionale,20:45,false
5,2026-04-17,UFC,Jai Herbert @ Mandel Nallo,23:00,false
12,2026-04-17,NPB,Rakuten @ Lotte,11:00,false
8,2026-04-17,ITA.1,Como @ Sassuolo,18:30,false
5,2026-04-17,UFC,Melissa Croden @ Daria Zhelezniakova,23:00,false
0,2026-04-17,EuroLeague,Žalgiris @ Paris,20:00,false
22,2026-04-17,MLB,Tampa Bay Rays @ Pittsburgh Pirates,00:40,false
5,2026-04-17,UFC,Mark Vologdin @ John Castaneda,23:00,false
0,2026-04-17,EuroLeague,Dubai @ Valencia Basket,20:00,false
8,2026-04-17,GER.1,FC Cologne @ St. Pauli,20:30,false
5,2026-04-17,UFC,Marcio Barbosa @ Dennis Buzukja,23:00,false
20,2026-04-17,MLB,New York Mets @ Chicago Cubs,20:20,true
20,2026-04-17,MLB,Kansas City Royals @ New York Yankees,01:05,false
6,2026-04-17,Turkish Süper Lig,Caykur Rizespor @ Fenerbahce,19:00,false
20,2026-04-17,MLB,San Francisco Giants @ Washington Nationals,00:45,false
12,2026-04-17,NPB,Yakult @ Yomiuri,11:00,false
23,2026-04-17,NBA,Charlotte Hornets @ Orlando Magic,01:30,false
12,2026-04-17,NPB,Hanshin @ Chunichi,11:00,false
5,2026-04-17,UFC,Mike Malott @ Gilbert Burns,23:00,false
4,2026-04-17,Portuguese Primeira Liga,AVS @ Rio Ave,21:45,false
24,2026-04-18,NBA,Atlanta Hawks @ New York Knicks,00:00,false
6,2026-04-18,Russian Premier League,Dinamo Moscow @ Nizhny Novgorod,18:30,false
13,2026-04-18,ENG.1,Wolverhampton Wanderers @ Leeds United,16:00,false
9,2026-04-18,GER.1,Hamburg SV @ Werder Bremen,15:30,false
9,2026-04-18,FRA.1,Nice @ Lille,21:05,false
6,2026-04-18,Portuguese Primeira Liga,Vitória de Guimaraes @ Gil Vicente,21:30,false
5,2026-04-18,UFC,John Yannis @ Jamie Siraj,23:00,false
5,2026-04-18,UFC,Gauge Young @ Thiago Moisés,23:00,false
0,2026-04-18,EuroLeague,Panathinaikos @ Anadolu Efes,20:00,false
21,2026-04-18,MLB,Detroit Tigers @ Boston Red Sox,22:10,false
16,2026-04-18,ENG.1,Manchester United @ Chelsea,21:00,false
11,2026-04-18,GER.1,RB Leipzig @ Eintracht Frankfurt,18:30,false
10,2026-04-18,GER.1,FC Augsburg @ Bayer Leverkusen,15:30,false
9,2026-04-18,ITA.1,Atalanta @ AS Roma,20:45,false
6,2026-04-18,Russian Premier League,Lokomotiv Moscow @ Gazovik Orenburg,11:00,false
21,2026-04-18,MLB,St. Louis Cardinals @ Houston Astros,01:10,false
19,2026-04-18,NHL,Ottawa Senators @ Carolina Hurricanes,21:00,false
15,2026-04-18,ENG.1,AFC Bournemouth @ Newcastle United,16:00,false
12,2026-04-18,NPB,SoftBank @ Orix,11:00,false
5,2026-04-18,UFC,Julien LeBlanc @ Robert Valentin,23:00,false
0,2026-04-18,EuroLeague,Monaco @ Hapoel Tel Aviv,20:00,false
6,2026-04-18,Portuguese Primeira Liga,Alverca @ C.D. Nacional,16:30,false
1,2026-04-18,Copa del Rey,Real Sociedad @ Atlético Madrid,21:00,false
20,2026-04-18,MLB,Chicago White Sox @ Athletics,22:05,false
8,2026-04-18,ITA.1,Lazio @ Napoli,18:00,false
6,2026-04-18,Turkish Süper Lig,Galatasaray @ Genclerbirligi,19:00,false
5,2026-04-18,UFC,Charles Jourdain @ Kyler Phillips,23:00,false
5,2026-04-18,UFC,Jamey-Lyn Horth @ JJ Aldrich,23:00,false
21,2026-04-18,MLB,Milwaukee Brewers @ Miami Marlins,22:10,false
21,2026-04-18,MLB,Baltimore Orioles @ Cleveland Guardians,00:10,false
17,2026-04-18,ENG.1,Fulham @ Brentford,13:30,false
10,2026-04-18,F1,STC Saudi Arabian Grand Prix @ Unknown Circuit,15:30,false
8,2026-04-18,FRA.1,Le Havre AC @ Angers,19:00,false
6,2026-04-18,Russian Premier League,CSKA Moscow @ Krylia Sovetov,13:30,false
0,2026-04-18,EuroLeague,Barcelona @ Bayern Munich,20:00,false
24,2026-04-18,NBA,Toronto Raptors @ Cleveland Cavaliers,19:00,false
5,2026-04-18,UFC,Gokhan Saricam @ Tanner Boser,23:00,false
5,2026-04-18,UFC,Jasmine Jasudavicius @ Karine Silva,23:00,false
2,2026-04-18,Austrian Bundesliga,FC Blau-Weiß Linz @ Wolfsberger,17:00,false
20,2026-04-18,MLB,San Francisco Giants @ Washington Nationals,22:05,false
12,2026-04-18,NPB,Yakult @ Yomiuri,11:00,false
9,2026-04-18,FRA.1,Marseille @ Lorient,17:00,false
7,2026-04-18,Austrian Bundesliga,SC Rheindorf Altach @ WSG Swarovski Tirol,17:00,false
5,2026-04-18,UFC,Mike Malott @ Gilbert Burns,23:00,false
9,2026-04-18,GER.1,VfL Wolfsburg @ 1. FC Union Berlin,15:30,false
5,2026-04-18,UFC,Marcio Barbosa @ Dennis Buzukja,23:00,false
21,2026-04-18,MLB,Kansas City Royals @ New York Yankees,19:35,false
20,2026-04-18,MLB,New York Mets @ Chicago Cubs,20:20,false
7,2026-04-18,ITA.1,Parma @ Udinese,15:00,false
6,2026-04-18,Russian Premier League,Akron Tolyatti @ Rubin Kazan,16:00,false
22,2026-04-18,MLB,Cincinnati Reds @ Minnesota Twins,20:10,false
22,2026-04-18,MLB,Tampa Bay Rays @ Pittsburgh Pirates,22:05,false
21,2026-04-18,MLB,Texas Rangers @ Seattle Mariners,01:15,false
6,2026-04-18,Turkish Süper Lig,Eyupspor @ Fatih Karagümrük,13:30,false
5,2026-04-18,UFC,Mark Vologdin @ John Castaneda,23:00,false
4,2026-04-18,Portuguese Primeira Liga,Santa Clara @ Casa Pia,19:00,false
0,2026-04-18,EuroLeague,Dubai @ Valencia Basket,20:00,false
24,2026-04-18,NBA,Minnesota Timberwolves @ Denver Nuggets,21:30,true
19,2026-04-18,NHL,Minnesota Wild @ Dallas Stars,23:30,false
15,2026-04-18,ENG.1,Brighton & Hove Albion @ Tottenham Hotspur,18:30,false
11,2026-04-18,GER.1,Borussia Dortmund @ TSG Hoffenheim,15:30,false
21,2026-04-18,MLB,Atlanta Braves @ Philadelphia Phillies,01:15,false
5,2026-04-18,UFC,Jai Herbert @ Mandel Nallo,23:00,false
6,2026-04-18,Turkish Süper Lig,Goztepe @ Kocaelispor,16:00,false
5,2026-04-18,UFC,Melissa Croden @ Daria Zhelezniakova,23:00,false
0,2026-04-18,EuroLeague,Žalgiris @ Paris,20:00,false
16,2026-04-18,NPB,Hiroshima @ DeNA,11:00,false
30,2026-04-18,EuroLeague,Galatasaray @ Fenerbahçe,20:00,false
16,2026-04-18,NPB,Nippon-Ham @ Seibu,11:00,false
16,2026-04-18,NPB,Hanshin @ Chunichi,11:00,false
16,2026-04-18,EuroLeague,Basket Zaragoza @ Uni Girona,20:00,false
16,2026-04-18,NPB,Rakuten @ Lotte,11:00,false
22,2026-04-19,Portuguese Primeira Liga,FC Famalicao @ Braga,21:30,false
22,2026-04-19,Turkish Süper Lig,Besiktas @ Samsunspor,16:00,false
16,2026-04-19,ABA,U-Banca Transilvania @ Budućnost,20:00,false
5,2026-04-19,UFC,John Yannis @ Jamie Siraj,23:00,false
5,2026-04-19,UFC,Gauge Young @ Thiago Moisés,23:00,false
32,2026-04-19,ENG.1,Arsenal @ Manchester City,17:30,false
76,2026-04-19,MLB,San Diego Padres @ Los Angeles Angels,22:07,true
45,2026-04-19,MLB,St. Louis Cardinals @ Houston Astros,20:10,false
44,2026-04-19,NHL,Montreal Canadiens @ Tampa Bay Lightning,23:45,false
30,2026-04-19,EuroLeague,Galatasaray @ Fenerbahçe,20:00,false
16,2026-04-19,ABA,Ilirija @ Studentski centar,20:00,false
5,2026-04-19,UFC,Julien LeBlanc @ Robert Valentin,23:00,false
56,2026-04-19,NBA,Orlando Magic @ Detroit Pistons,00:30,false
45,2026-04-19,MLB,Toronto Blue Jays @ Arizona Diamondbacks,22:10,false
45,2026-04-19,MLB,Detroit Tigers @ Boston Red Sox,22:35,false
44,2026-04-19,NHL,Boston Bruins @ Buffalo Sabres,01:30,false
47,2026-04-19,ENG.1,Liverpool @ Everton,15:00,false
44,2026-04-19,MLB,Chicago White Sox @ Athletics,22:05,false
27,2026-04-19,GER.1,VfB Stuttgart @ Bayern Munich,17:30,false
22,2026-04-19,ITA.1,AC Milan @ Hellas Verona,15:00,false
21,2026-04-19,Austrian Bundesliga,SK Sturm Graz @ LASK Linz,17:00,false
5,2026-04-19,UFC,Charles Jourdain @ Kyler Phillips,23:00,false
5,2026-04-19,UFC,Jamey-Lyn Horth @ JJ Aldrich,23:00,false
59,2026-04-19,NHL,Los Angeles Kings @ Colorado Avalanche,21:00,false
23,2026-04-19,FRA.1,Brest @ Nantes,17:15,false
22,2026-04-19,Turkish Süper Lig,Istanbul Basaksehir @ Trabzonspor,19:00,false
24,2026-04-19,FRA.1,AJ Auxerre @ AS Monaco,15:00,false
24,2026-04-19,FRA.1,Stade Rennais @ Strasbourg,17:15,false
22,2026-04-19,Russian Premier League,Akhmat Grozny @ Spartak Moscow,16:00,false
22,2026-04-19,Portuguese Primeira Liga,Tondela @ FC Porto,21:30,false
5,2026-04-19,UFC,Gokhan Saricam @ Tanner Boser,23:00,false
5,2026-04-19,UFC,Jasmine Jasudavicius @ Karine Silva,23:00,false
45,2026-04-19,MLB,Baltimore Orioles @ Cleveland Guardians,19:40,false
45,2026-04-19,MLB,Milwaukee Brewers @ Miami Marlins,19:40,false
25,2026-04-19,F1,STC Saudi Arabian Grand Prix @ Unknown Circuit,15:30,false
24,2026-04-19,GER.1,Mainz @ Borussia Mönchengladbach,19:30,false
24,2026-04-19,GER.1,1. FC Heidenheim 1846 @ SC Freiburg,15:30,false
20,2026-04-19,Russian Premier League,Zenit St Petersburg @ Dynamo Makhachkala,13:30,false
16,2026-04-19,ABA,Partizan @ Crvena zvezda,20:00,false
72,2026-04-19,NBA,Phoenix Suns @ Oklahoma City Thunder,21:30,true
22,2026-04-19,ITA.1,Torino @ Cremonese,12:30,false
22,2026-04-19,FRA.1,Paris FC @ Metz,17:15,false
16,2026-04-19,ABA,Cedevita Olimpija @ Igokea,20:00,false
5,2026-04-19,UFC,Mike Malott @ Gilbert Burns,23:00,false
44,2026-04-19,MLB,San Francisco Giants @ Washington Nationals,19:35,false
16,2026-04-19,NPB,Yakult @ Yomiuri,11:00,false
45,2026-04-19,MLB,Kansas City Royals @ New York Yankees,19:35,false
44,2026-04-19,MLB,New York Mets @ Chicago Cubs,20:20,false
26,2026-04-19,FRA.1,Lyon @ Paris Saint-Germain,20:45,false
24,2026-04-19,Austrian Bundesliga,RB Salzburg @ Austria Vienna,14:30,false
24,2026-04-19,Portuguese Primeira Liga,Benfica @ Sporting CP,19:00,false
22,2026-04-19,Russian Premier League,FC Baltika Kaliningrad @ Krasnodar,18:30,false
20,2026-04-19,ITA.1,Genoa @ Pisa,18:00,false
20,2026-04-19,Portuguese Primeira Liga,Estrela @ Arouca,16:30,false
18,2026-04-19,Turkish Süper Lig,Alanyaspor @ Kasimpasa,13:30,false
5,2026-04-19,UFC,Marcio Barbosa @ Dennis Buzukja,23:00,false
46,2026-04-19,MLB,Los Angeles Dodgers @ Colorado Rockies,21:10,false
24,2026-04-19,ITA.1,Bologna @ Juventus,20:45,false
16,2026-04-19,EuroLeague,Basket Zaragoza @ Uni Girona,20:00,false
46,2026-04-19,MLB,Tampa Bay Rays @ Pittsburgh Pirates,19:35,false
46,2026-04-19,MLB,Cincinnati Reds @ Minnesota Twins,20:10,false
45,2026-04-19,MLB,Texas Rangers @ Seattle Mariners,22:10,false
20,2026-04-19,Austrian Bundesliga,Rapid Vienna @ TSV Hartberg,14:30,false
5,2026-04-19,UFC,Mark Vologdin @ John Castaneda,23:00,false
29,2026-04-19,ENG.1,Burnley @ Nottingham Forest,15:00,false
16,2026-04-19,NPB,Rakuten @ Lotte,11:00,false
5,2026-04-19,UFC,Melissa Croden @ Daria Zhelezniakova,23:00,false
71,2026-04-19,NBA,Philadelphia 76ers @ Boston Celtics,19:00,false
31,2026-04-19,ENG.1,Sunderland @ Aston Villa,15:00,false
30,2026-04-19,MLB,Atlanta Braves @ Philadelphia Phillies,01:20,false
5,2026-04-19,UFC,Jai Herbert @ Mandel Nallo,23:00,false
56,2026-04-20,NBA,Toronto Raptors @ Cleveland Cavaliers,01:00,true
30,2026-04-20,ENG.1,West Ham United @ Crystal Palace,21:00,false
25,2026-04-20,F1,STC Saudi Arabian Grand Prix @ Unknown Circuit,15:30,false
22,2026-04-20,ITA.1,Fiorentina @ Lecce,20:45,false
5,2026-04-20,UFC,Marcus Buchecha @ Ryan Spann,23:00,false
5,2026-04-20,UFC,Adrian Luna Martinetti @ Davey Grant,23:00,false
5,2026-04-20,UFC,Norma Dumont @ Joselyne Edwards,23:00,false
30,2026-04-20,MLB,Houston Astros @ Cleveland Guardians,00:10,false
16,2026-04-20,ABA,FMP @ Vienna,20:00,false
16,2026-04-20,NPB,Yomiuri @ Chunichi,11:00,false
5,2026-04-20,UFC,Montel Jackson @ Raoni Barcelos,23:00,false
44,2026-04-20,NHL,Ottawa Senators @ Carolina Hurricanes,01:30,false
45,2026-04-20,MLB,Detroit Tigers @ Boston Red Sox,17:10,false
5,2026-04-20,UFC,Talita Alencar @ Julia Polastri,23:00,false
16,2026-04-20,ABA,Mega @ Split,20:00,false
16,2026-04-20,NPB,Nippon-Ham @ Rakuten,11:00,false
29,2026-04-20,MLB,Baltimore Orioles @ Kansas City Royals,01:40,false
31,2026-04-20,MLB,Atlanta Braves @ Washington Nationals,00:45,false
16,2026-04-20,NPB,Hiroshima @ Yakult,11:00,false
5,2026-04-20,UFC,Michelle Montague @ Mayra Bueno Silva,23:00,false
5,2026-04-20,UFC,Rodolfo Vieira @ Eric McConico,23:00,false
5,2026-04-20,UFC,Rafa Garcia @ Alexander Hernandez,23:00,false
5,2026-04-20,UFC,Youssef Zalal @ Aljamain Sterling,23:00,false
20,2026-04-20,Turkish Süper Lig,Kayserispor @ Gaziantep FK,19:00,false
31,2026-04-20,MLB,Cincinnati Reds @ Tampa Bay Rays,00:40,false
30,2026-04-20,MLB,St. Louis Cardinals @ Miami Marlins,00:40,false
22,2026-04-20,Portuguese Primeira Liga,Estoril @ Moreirense,21:15,false
16,2026-04-20,NPB,Lotte @ Orix,11:00,false
16,2026-04-20,NPB,Seibu @ SoftBank,11:00,false
5,2026-04-20,UFC,Lucas Rocha @ Jafel Filho,23:00,false
30,2026-04-20,MLB,Philadelphia Phillies @ Chicago Cubs,01:40,false
43,2026-04-20,NHL,Philadelphia Flyers @ Pittsburgh Penguins,01:00,false
16,2026-04-20,NPB,DeNA @ Hanshin,11:00,false
5,2026-04-20,UFC,Jackson McVey @ Sedriques Dumas,23:00,false
